{
  "train_losses": [
    0.6454351603984833,
    0.5449394077062607,
    0.4650756746530533
  ],
  "val_losses": [
    0.5976848403612772,
    0.5243885020414988,
    0.4652201533317566
  ],
  "train_accs": [
    74.6875,
    93.125,
    94.375
  ],
  "val_accs": [
    86.25,
    88.75,
    90.0
  ],
  "best_val_acc": 90.0
}