{
  "train_losses": [
    0.4395022463798523,
    0.22282162547111511,
    0.15176758656899134,
    0.11327188044786453,
    0.0907909441490968,
    0.07511764486630758,
    0.0635970305899779,
    0.0552686845511198,
    0.04819129772484303,
    0.04324927061796188,
    0.03846965916454792,
    0.035248339424530664,
    0.032021849056084954,
    0.02918789116044839,
    0.027150401063263416
  ],
  "val_losses": [
    0.27407855736581904,
    0.1727279699162433,
    0.1255652622172707,
    0.10167946372377246,
    0.08373104780912399,
    0.07138873577902191,
    0.06661903475852389,
    0.05867349238772141,
    0.05009949579834938,
    0.046015625280377115,
    0.04645254894306785,
    0.03970271662661904,
    0.039903061954598674,
    0.0373477613259303,
    0.03436459718566192
  ],
  "train_accs": [
    89.875,
    96.04166666666667,
    97.54166666666667,
    98.45833333333333,
    98.70833333333333,
    99.0,
    99.16666666666667,
    99.25,
    99.375,
    99.54166666666667,
    99.625,
    99.625,
    99.58333333333333,
    99.625,
    99.70833333333333
  ],
  "val_accs": [
    96.66666666666667,
    97.33333333333333,
    97.83333333333333,
    98.33333333333333,
    98.5,
    98.66666666666667,
    98.5,
    98.5,
    98.83333333333333,
    99.0,
    98.5,
    99.0,
    98.66666666666667,
    98.83333333333333,
    99.0
  ],
  "best_val_acc": 99.0,
  "best_epoch": 9
}